Title,Link
"Web Results
GTAall.net — GTA mods con installer
https://www.gtaall.net
Más de 100.000 mods GTA con installer. Puedes encontrar nuevos mods y trucos para GTA 5, GTA 4, GTA San Andreas y GTA Vice City todos los días.
GTANet Archives – GTANet.com
https://gtanet.com/category/gtanet
GTANet Turns 20 Years Old! By GTANet / 15th April 2021. 20 years ago in April 2001, our website owner Tank (who is still very much with us, by the way!) started out a website and a forum straight out of his love for the GTA series and how a fully 3D game was finally coming out. Having owned a site for the 2D era games and for the anticipation of.
Welcome to GrandTheftAuto.net – GTANet.com
https://gtanet.com/welcome-to-grandtheftauto-net-2
Welcome to GrandTheftAuto.net. By GTANet / 5th April 2020. It’s been 19 years since the birth of GTANet, and boy a lot has happened. Some of us were not old enough to play Grand Theft Auto when we joined, and thinking back to 2001, some of us were not even born yet…. GTANet has seen multiple generations of fans come and go, but we all ...
Chatterbox: GTANet Interview with TezFunz2 – GTANet.com
https://gtanet.com/chatterbox-gtanet-interview-with-tezfunz2
Welcome to GTANet’s Chatterbox, our interview series where hosts uNi, Spider-Vice and Kirsty sit down and get personal with notable people from the GTANet and Rockstar Games community. From the well-loved to the unknown, Chatterbox is all-inclusive. First things first, let us dust off our joggers and apologise for our absence!
GTA for NES? – GTANet.com
https://gtanet.com/gta-for-nes
Grand Theftendo is a remake of Grand Theft Auto III for the original Nintendo Entertainment System (NES). It is Grand Theft Auto III running on an 8 bit, 256×240 resolution, 2 bit colour x 2 bit palette, 1.79 Mhz system, written entirely in 6502 Assembly Language! It includes the entire Portland city! The game is still in development, but from ...
Myriad Islands Beta Installer – GTANet.com
https://gtanet.com/myriad-islands-beta-installer
Myriad Islands Beta Installer. By GTANet / 12th December 2004. For the last year or so, a number of us over at GTAForums have been working on a massive mod for the PC version of Vice City called Myriad Islands. This mod (or total conversion, rather) aims to create a whole new city, cars, characters, weapons and missions for the game.
Grand Theft Auto Archives – GTANet.com
https://gtanet.com/category/grand-theft-auto
Welcome to Snap Saturday, GTANet’s ode to the virtual photography community who continue to capture some amazingly creative shots across GTA and Red Dead. Whether you’re in Blaine County or in West Elizabeth, in modern day or the past, one thing that there isn’t a shortage of is forests and trees. Well, more so in West Elizabeth because ...
GTAForums Archives – GTANet.com
https://gtanet.com/category/gtanet/gtaforums
GTA3Freak-2001 – 1984-2011. By GTANet / 8th October 2011. Today we were sadly informed about the death of Chris Carrick, aka GTA3Freak-2001, one of the community’s longest standing and most respected members. Chris was 27 when he died on Thursday. He had a disease called Duchenne Muscular Dystrophy.",
"Web Results
Chasing the White Rabbit: GTA VI Community Goes Down the ...
https://gtanet.com/chasing-the-white-rabbit-gta-vi...
In a world where the Rockstar community sees the next Grand Theft Auto game everywhere they go – from looking at clouds, to looking at random images online, believing random delusional religious-themed riddles, or perhaps even seeing things in the pattern of their cat’s fur – today’s social media marketing posts for GTA Online: Los Santos Drug Wars certainly caused
Chatterbox: GTANet Interview with DJ Pooh – GTANet.com
https://gtanet.com/chatterbox-gtanet-interview-with-dj-pooh
Welcome to GTANet’s Chatterbox, our interview series where hosts uNi, Spider-Vice, and Kirsty sit down and get personal with notable people from the GTANet and Rockstar Games community, or even Rockstar Games themselves! From the well-loved to the unknown, Chatterbox is all-inclusive. Today we bring you an exciting interview with the one and only DJ Pooh! With a background in hip
Privacy Policy – GTANet.com
https://gtanet.com/privacy-policy
GTANet is largely funded through third-party advertising, and without such ads, GTANet would be unable to provide the Network and related services to its many users with free accounts. GTANet may use third-parties for advertising and analytics for Networks that we host.
Pre-Release Info and Screenshot Dump – GTANet.com
https://gtanet.com/pre-release-info-and-screenshot-dump
Digital release date: 11th November 2021 for PS4, PS5, Xbox One, Xbox Series X/S, Nintendo Switch, PC (RSG Launcher) Physical release date: 7th December 2021 for PS4, PS5, Xbox One, Xbox Series X/S, Nintendo Switch. Mobile release date: 2022. Xbox Game Pass: 11th November 2021 for GTA San Andreas – The Definitive Edition only.
Team – GTANet.com
https://gtanet.com/team
A small team of longtime staff with a dedicated interest in the longevity of our community. We actively maintain the direction of GTANet and GTAForums, each specialising in forum administration, community management, social media engagement, communications, article writing and misc. content creation, with Tank and Spider-Vice overseeing technical website development and server administration.
GTA V Archives – GTANet.com
https://gtanet.com/category/grand-theft-auto/gta-v
Welcome to Snap Saturday, GTANet’s ode to the virtual photography community who continue to capture some amazingly creative shots across GTA and Red Dead. Whether you’re in Blaine County or in West Elizabeth, in modern day or the past, one thing that there isn’t a shortage of is forests and trees. Well, more so in West Elizabeth because ...
Inicio - Gravatá Net - Provedor de Internet em Gravatá
https://www.gravatanet.com.br
Escolha a Melhor Opção de Plano de Internet para Você e sua Família! 200MB 100% FIBRA ÓTICA R$ 69 50 /mês Instalação Grátis Wi-fi 6 Conecta + 1 App 100% de Download/Upload CONTRATAR 200MB Consulte condições e disponibilidade para a sua região. 400MB 100% FIBRA ÓTICA R$ 79 50 /mês Instalação Grátis Wi-fi 6 Conecta […]
San Andreas: Uncensored – GTANet.com
https://gtanet.com/san-andreas-uncensored
San Andreas: Uncensored. By GTANet / 9th June 2005. A few months ago, Barton Waterduck discovered a few sections of unused code in the PS2 version of San An for the girlfriend “missions”. With a bit of memory hacking and such, he discovered these removed portions of mission scripting were to not only put the camera inside the girlfriends ...",
"Web Results
Community Spotlight: The world of GTA Concepts & Fanfic ...
https://gtanet.com/community-spotlight-the-world-of-gta...
Foreword from GTANet Ideas keep the wheels of our community turning, and there’s no place like a forum for word-based content to thrive. Back in the day, amongst the multitude of wishlist threads, a home emerged for creative writers armed with a desire for what you might define as fanfiction, not for the fluff of romance and shipping, but to build the foundations of their own video games.
Team behind FiveM joins Rockstar Games – GTANet.com
https://gtanet.com/team-behind-fivem-joins-rockstar-games
In an unprecedented move within the GTA modding scene, Rockstar Games yesterday announced that the team behind FiveM and RedM multiplayer on PC has officially joined the company. Cfx.re, or CitizenFX Collective, is a small team behind the development of both FiveM and RedM clients, a PC multiplayer mod that connects to Grand Theft Auto V or Red ...
GTANet Exclusive: Q&A with Rockstar Games – GTANet.com
https://gtanet.com/gtanet-exclusive-qa-with-rockstar-games
By GTANet / 25th August 2021. Now this is a Q&A that needs no introduction, but we’re going to do one anyway! A short while ago, we popped over a few questions to Rockstar Games to see if we could get a more up-close and personal insight into GTA’s music, the new Circoloco Records and the Los Santos Tuners update.
Killaz Interview with Jamie King – GTANet.com
https://gtanet.com/killaz-interview-with-jamie-king
By Kirsty / 26th November 2021. As teased on Twitter last week, YouTube channel KillazSpain has been keeping a secret; they managed to score an opportunity to sit down for an interview with ex-Rockstar Jamie King, and it is hot off the press as we post this article! Hosted by Killaz, Nestor and Fabry, the 20 minute video revealed today features ...
GTA San Andreas PC: Save Game fix! – GTANet.com
https://gtanet.com/gta-san-andreas-pc-save-game-fix
New GTA San Andreas Desktops & Artwork. Categories. Bully; CircoLoco; Classic GTA; Collections; Community; Grand Theft Auto
GTA 5 o'clock: Virtual Tour of Los Santos – GTANet.com
https://gtanet.com/gta-5
Feast your eyes on CVG’s latest GTA 5 o’clock show installment, with this week featuring the first version of their own community map project. Tracing back through all the screenshots and trailers released, the team have worked together with the community to pin together locations to the blueprint map preview released on the Special/Collectors edition poster. Most notably, they’ve heavily
GTA Vice City – GTANet.com
https://gtanet.com/vice-city
Grand Theft Auto: Vice City was released in 2002 by Rockstar Games, one year after its predecessor Grand Theft Auto III. The game was initially released for the PlayStation 2 platform, and later released for the Xbox and PC. With nearly 20 million units sold, Vice City is one of the highest selling games for the PlayStation 2.
Classic GTA Archives – GTANet.com
https://gtanet.com/category/grand-theft-auto/classic-gta
Snap Saturday: The Trilogy Classics. By Spider-Vice / 7th August 2021. Welcome to Snap Saturday, GTANet’s ode to the virtual photography community who continue to capture some amazingly creative shots across GTA and Red Dead. The rumour mill has been spinning, and as a result, so has the nostalgia mill. They both are spinning so fast lately ...",
"Web Results
GTA Vice City - Characters – GTANet.com
https://gtanet.com/vice-city/characters
Pastor Richards. Half-mad Bible-thumping televangelist, promoter of intense nuclear/apocalyptic paranoia, involved in many right-wing political causes. Composed of equal parts Jim Bakker, Oral Roberts, Pat Robertson, Jimmy Swaggart, and various other TV preachers we can’t remember.
Throwback: The Epsilon Program GTA V Contest – GTANet.com
https://gtanet.com/throwback-the-epsilon-program-gta-v...
By Spider-Vice / 25th May 2020. During the pre-release period of GTA V, Rockstar launched a contest for community members to be able to have their faces as characters in-game as members of the Epsilon Program cult, much like what they had done with Max Payne 3 before. The Epsilon Program website and the Newswire first announced the contest via ...
History – GTANet.com
https://gtanet.com/history
Our History. Virtually every online community can trace their roots back to a modest beginning as a small fan-run website; GTANet is no different! We began as a small GTA III blog in the year 2000, created in anticipation for Rockstar Games’ first 3D open world game of the Grand Theft Auto series. Popularity saw the website spawn into a ...
Rockstar Games Archives – GTANet.com
https://gtanet.com/category/rockstar-games
By GTANet / 17th August 2023. Over the past week, thanks to Rockstar Games, we’ve been hands-on with the Red Dead Redemption PlayStation 4 conversion developed by UK studio Double Eleven. Here’s some highlights from our experience playing on PS5! To be brief in this introduction; it is exactly what it says on the tin – a port of the RDR ...
Community Archives – GTANet.com
https://gtanet.com/category/community
By Spider-Vice / 18th May 2024. Welcome to Snap Saturday, GTANet’s ode to the virtual photography community who continue to capture some amazingly creative shots across GTA and Red Dead. John Marston – a man that went from mindless gunslinger, to a honest man who was trying to make up for mistakes and absence, to give Jack and Abigail the ...
Chatterbox: GTANet Interview with Roger Clark – GTANet.com
https://gtanet.com/chatterbox-gtanet-interview-with...
By GTANet / 2nd August 2022. Welcome to GTANet’s Chatterbox, our interview series where hosts uNi, Spider-Vice and Kirsty sit down and get personal with notable people from the GTANet and Rockstar Games community. From the well-loved to the unknown, Chatterbox is all-inclusive. It has been a while, but we’ve cooked up something a little ...
Red Dead Redemption Port Hands-On Preview – GTANet.com
https://gtanet.com/red-dead-redemption-port-hands-on-preview
In a nutshell, Red Dead Redemption on PS4/5 offers a solid 30 FPS performance with some notable bugs from the past now fixed, plus up to 4K resolution if your screen is capable. There’s also some new accessibility options and language support. Most notable absences, in no particular order, are no 60 FPS support, no photo mode, and no multiplayer.
ZModeler 2 adds San Andreas DFF Support – GTANet.com
https://gtanet.com/zmodeler-2-adds-san-andreas-dff-support
By GTANet / 21st July 2005. An updated version of Zanoza Modeler 2 (ZMod) has been released allowing for the import and export of DFF model files in San Andreas. ZMod has consistently been one of the more popular tools used for modeling cars and buildings in all of the games in the GTA3 series but the newer version does have some limitations.",
"Web Results
Snap Saturday: Los Santos Dewbauchee(ry) – GTANet.com
https://gtanet.com/snap-saturday-los-santos-dewbaucheery
By Spider-Vice / 25th May 2024. Welcome to Snap Saturday, GTANet’s ode to the virtual photography community who continue to capture some amazingly creative shots across GTA and Red Dead. This week, a sudden influx of British executives seems to have taken Los Santos by storm, and whilst those that only see money in Downtown Los Santos are ...
Official GTANET IRC Channel Launch – GTANet.com
https://gtanet.com/official-gtanet-irc-channel-launch
Official GTANET IRC Channel Launch. By GTANet / 17th December 2004. A while ago we received an interesting offer from two regulars on our forums, Smithers2 and TwoZero, who run an IRC server and offered to host a GTANET IRC channel. Earlier this week we accepted their offer, and the chat room was opened up a few days ago. Since then, news has ...
Snap Saturday: Obey Introduces the 10F – GTANet.com
https://gtanet.com/snap-saturday-obey-introduces-the-10f
Welcome to Snap Saturday, GTANet’s ode to the virtual photography community who continue to capture some amazingly creative shots across GTA and Red Dead. This week, a brand-new shipment from Germany, with its typical German quality, arrived in Los Santos, Blaine County and potentially beyond! The classic and absolutely legendary Obey has officially introduced the successor to their classic 2013 9F,
Beach Bum DLC Released! – GTANet.com
https://gtanet.com/beach-bum-dlc-released
Beach Bum DLC Released! By GTANet / 19th November 2013. That’s right, more content! R* have just released the first DLC update for GTA V, and it’s free of charge. It’s available for both Story mode and GTA Online. Beach Bum Update now Available! As detailed previously, the Beach Bum DLC includes new content as the SNS Pistol and the ...
Chatterbox: GTANet Interview with Razed – GTANet.com
https://gtanet.com/chatterbox-gtanet-interview-with-razed
Welcome to GTANet’s Chatterbox, our interview series where hosts uNi, Spider-Vice and Kirsty sit down and get personal with notable people from the GTANet and Rockstar Games community. From the well-loved to the unknown, Chatterbox is all-inclusive. It’s been a while, but now we’re back with a bang! Chatterbox #4 brings our first modder to the stage, with no other than
GTA San Andreas Box Art! – GTANet.com
https://gtanet.com/gta-san-andreas
By Tank / 7th July 2004. First on the scene again! Here’s the official GTA San Andreas box art we’ve just been sent from Rockstar. Tags: boxart, reveal, SA. New Screen Revealed in Italian Publication.
GTA Garage Mod Manager – GTANet.com
https://gtanet.com/gta-garage-mod-manager
GTA Garage Mod Manager. By GTANet / 31st July 2005. The GTAGarage and GTATools.com are proud to announce the creation and release of the first GTAGarage program, this program will make the distribution and creation of CAR modifications easier than ever before. The program creates CAR packages for your custom made cars complete with all data ...
Snap Saturday: When Nature Calls – GTANet.com
https://gtanet.com/snap-saturday-when-nature-calls
Snap Saturday: When Nature Calls. By Spider-Vice / 6th January 2024. Welcome to Snap Saturday, GTANet’s ode to the virtual photography community who continue to capture some amazingly creative shots across GTA and Red Dead. Now, what was the last time you’ve watched Ace Ventura?",
"Web Results
Kotaku: Rockstar Devs Discuss Working Conditions + “GTA 6 ...
https://gtanet.com/kotaku-rockstar-devs-discuss-working...
Resident Kotaku news editor and renowned journalist Jason Schreier has reported today that he’s exchanged words with several current and ex-developers about the improved working conditions across the board of Rockstar Studios. This follows a tumultuous period following the release of RDR2 about the unfortunate reality of crunch time and toxic environments in the games development industry, and the effects
GTAGarage Opens – GTANet.com
https://gtanet.com/gtagarage-opens
GTAGarage Opens. By GTANet / 5th June 2005. Welcome to GTAGarage (or if you’re reading this from the news hub at GTANet, click here ), GTANet’s new site devoted to mods for all the GTA games. While it may look a little empty now, expect to see all sorts of new mods in the future as they’re released, as well as a back catalog of existing ...
From Mods to Morals to Lawsuits: A Summary of Recent Events
https://gtanet.com/from-mods-to-morals-to-lawsuits-a...
If you’re a regular in GTA social media circles, chances are you’ve heard about the recent events in which Take-Two Interactive, wholly owners of Rockstar Games’ titles, are taking legal action against a group of programming enthusiasts responsible for reverse engineering GTA III and GTA Vice City. The work-in-progress projects, known as re3 and reVC, were first shared on code
IGN Interview With Rockstar North's Phil Hooker – GTANet.com
https://gtanet.com/ign-interview-with-rockstar-norths...
By GTANet / 5th September 2013. As part of IGN’s GTA V Week, the website was granted an interview with Rockstar North’s Phil Hooker, the associate technical director and combat designer for GTA V. The interview highlights Rockstar’s ability to adapt and integrate features and mechanics from previously released titles into Grand Theft Auto ...
Copyright Statement – GTANet.com
https://gtanet.com/copyright-statement
The content, graphical design, and the GTA Network stylized logo are strictly copyright of the GTA Network. All other relating material that appears throughout the services belonging to the GTA Network or their respective owners are protected by U.S., U.K. and international copyright laws. Any use of any of the copyrighted material appearing throughout the services without the express written
GTA Online Weekly Bonuses – available 13th June 2023
https://gtanet.com/gta-online-weekly-bonuses-available...
It’s time to participate in Project Overthrow and hit Merryweather where it hurts! Check out our San Andreas Mercenaries subsection here. Not detailed in the Newswire, until Thursday 22nd June, find bonuses on an Adversary Mode, RC Time Trials, earn some Avenger liveries and more. Remember this is just a preview, and information may change. On top of that, Rockstar may
Modding Archives – GTANet.com
https://gtanet.com/category/modding
By GTANet / 14th November 2011. X-Seti from the GTA: State of Liberty project has requested assistance with mapping and other modding duties to speed up progress with the mod. State of Liberty is a project designed to bring Liberty City (of GTA3), Vice City and San Andreas to a single game engine. Head on over to the topic at GTAF for more.
GTA Network · GitHub
https://github.com/GTANetworkDev
GTA Network is a standalone multiplayer modification for Grand Theft Auto V, allowing you to host private servers with custom gamemodes of your choosing. 9 followers. https://gtanet.work. support@gtanet.work.",
"Web Results
Official Strategy Guide – GTANet.com
https://gtanet.com/official-strategy-guide
By GTANet / 13th October 2004. A taste of what to expect in the official Grand Theft Auto: San Andreas strategy guide: Detailed mission walkthroughs, with clear instructions of where to drive, and what to do to make the most money & respect with expert strategies. Coverage of the new character abilities including eating, swimming, and more.
Snap Saturday: I Want To Believe – GTANet.com
https://gtanet.com/snap-saturday-i-want-to-believe
Welcome to Snap Saturday, GTANet’s ode to the virtual photography community who continue to capture some amazingly creative shots across GTA and Red Dead. Last year, the San Andreas Committee of Science (SACS) announced the discovery of an unidentified flying object in orbit, very close to Earth, that seemed to be en-route for Los Santos. Quickly the San Andreas media (shout
GTA Online Archives – GTANet.com
https://gtanet.com/category/grand-theft-auto/gta-v/gta...
By Spider-Vice / 25th May 2024. Welcome to Snap Saturday, GTANet’s ode to the virtual photography community who continue to capture some amazingly creative shots across GTA and Red Dead. This week, a sudden influx of British executives seems to have taken Los Santos by storm, and whilst those that only see money in Downtown Los Santos are ...
First Screenshots of GTA V – GTANet.com
https://gtanet.com/first-screenshots-of-gta-v
The first official screenshots of Grand Theft Auto V have been released today on Rockstar’s latest Asked & Answered. The first shows a police helicopter across the Los Santos skyline, and the second some NPCs sitting in a suburban park area. As well as treating us to the images, Rockstar also answered some community questions.
Snap Saturday: Sprunk vs. eCola! – GTANet.com
https://gtanet.com/snap-saturday-sprunk-vs-ecola
Welcome to Snap Saturday, GTANet’s ode to the virtual photography community who continue to capture some amazingly creative shots across GTA and Red Dead. A long time in the works, and a long time expected by Los Santos citizens, the fabled drink face-off is finally available in GTA Online! The fizzy white-ish Essence of Life and the dark coloured, Deliciously Infectious
Snap Saturday: Los Santos Tuners – GTANet.com
https://gtanet.com/snap-saturday-los-santos-tuners
Snap Saturday: Los Santos Tuners. By Spider-Vice / 24th July 2021. Welcome to Snap Saturday, GTANet’s ode to the virtual photography community who continue to capture some amazingly creative shots across GTA and Red Dead. This week is a big week! The GTA Online: Los Santos Tuners update has released and it’s one of the most well received ...
Red Dead Online Blood Money Trailer + Info Blowout - GTANet.com
https://gtanet.com/rdo-blood-money-trailer-info-blowout
As announced yesterday, in preparation for Red Dead Online’s summer update Blood Money, we’ve been treated to a trailer and informational blow out from Rockstar! There is a lot to take in at the moment, so we’ve summarised everything important you need to know from the Newswire below. Be sure to check out the action-packed trailers and join us in
Rockstar Confirms 3pm UTC Global Release Time for GTA Trilogy
https://gtanet.com/rockstar-confirms-3pm-utc-global...
Timers on PS4/5 were counting down to midnight local time, which the community assumed were correct given this is the most commonly used delivery method for digital games these days. However, Rockstar have re-affirmed their initially announced intentions of a 10am EST (3pm UTC) global release time via Rockstar Support earlier today to clarify ...",
"Web Results
GTA Online Weekly Bonuses Preview – available 17th August ...
https://gtanet.com/gta-online-weekly-bonuses-preview...
By Spider-Vice / 16th August 2023. This week and until 24th August in GTA Online, the Business-focused month continues! This time, dust off your warehouses as Special Cargo bonuses are introduced (hi Crateman!), alongside bonuses on Special Vehicle Work, Mixed Goods Exports, new Community Jobs, Arena War bonuses (yes, including AP!) and more.
RDR2: A Storm-Chaser's Dream Videogame – GTANet.com
https://gtanet.com/rdr2-a-storm-chasers-dream-videogame
RDR2: A Storm-Chaser’s Dream Videogame. Since its release in October of 2018, one of the highlights of Rockstar’s latest creation has been how they revamped their time cycle and weather system. The new system allows for localised storms to form, for players to see rain in one spot but not in the other unlike other previous Rockstar Games ...
GTA VI in Next Month's PLAY Issue – GTANet.com
https://gtanet.com/gta-vi-in-next-months-play-issue
GTANet.com is an unofficial fan site and is not produced or maintained by Rockstar Games Inc. or Take Two Interactive Software Inc. ...
PSA: Play Red Dead Online at Your Own Risk – GTANet.com
https://gtanet.com/psa-play-red-dead-online-at-your-own-risk
UPDATED 13th August 2020 Since the posting of our article, Rockstar published a new patch to Red Dead Online this morning, version 1.22, which essentially rolled back the game to it’s pre-Monday state. All streaks/stats stayed the same of course, but the playable version is now that of when the game last updated with the Naturalist role on 28th July.
ESRB: GTA IV rated Mature – GTANet.com
https://gtanet.com/esrb-gta-iv-rated-mature
ESRB: GTA IV rated Mature. By GTANet / 20th March 2008. With little more than a month remaining before the launch of Grand Theft Auto IV, the game has reached yet another major milestone on its road to release: a proper rating. Earlier today, the ESRB officially dropped the “Rating Pending” emblem with the all-too-familiar “M for Mature ...
Mapping Los Santos and Blaine County – GTANet.com
https://gtanet.com/mapping-los-santos-and-blaine-county
Mapping Los Santos and Blaine County. By GTANet / 23rd July 2013. We have updated the Map page with a new map of Los Santos and Blaine County. The map was produced based on information gathered from screenshots and trailers. Check it out! GTAForums: Best Posts From May-July. New Artwork: Michael, Trevor and Franklin.
Exclusive GTA V Screenshot – GTANet.com
https://gtanet.com/exclusive-gta-v-screenshot
Rockstar very kindly sent over this exclusive screenshot for GTANet: Cheers Rockstar! More New Screenshots: · GTAGames.nl· GTA Warehouse· The GTA Place· Rockstar Network· GTA Series· GTA Next · GTA Turk· GTA Gaming· GTA Inside· iGTA5· GTAPro· GTANF · GTA Xtreme· GTA Scene· GTA Base· Rockstar World· Rockstar Watch · Rockstar Nexus· Rockstar Resource· Rockstar 98· GTA5-FR· Rockstar Base
Grand Theft Auto IV Updated on PC - GTANet.com
https://gtanet.com/grand-theft-auto-iv-updated-on-pc...
Today on March 19 2020, after a few previous patches to fix minor performance issues and Windows 10 incompatibilities, Rockstar updated GTA IV on PC to remove multiplayer, its dependency to Games for Windows Live (depreciated in 2013), and its outdated and incompatible DRM – Securom. LAN Multiplayer has also been removed from the game.",
"Web Results
Hidden Package – GTANet.com
https://gtanet.com/hidden-package
I just received “hidden package #1” via UPS from Rockstar. Inside was a Tw@ Internet Cafe mouse pad, a Liberty City lapel pin, wanted posters, and a new screenshot. The Videogeddon Arcade in the background is a nice touch. I wonder how long it takes Jack Thompson to issue a press release about it.. As always, you can discuss the new screenshot at
Teleport Codes – GTANet.com
https://gtanet.com/teleport-codes
Another selection of GameShark/CB/AR2/ARMax codes from edisoncarter. Enjoy! Teleport Codes Easily teleport from city to city. You end up in front of another restaurant after teleporting, so just get yourself to any restaurant that’s handy and you can make it to the city you want within a few hops. Los Santos via Burgershot (GameShark/CB/AR2 NTSC)20C9D374 4503000020C9D378 C4E1D00020C9D37C 4150000010C9D386 00000000
GTA V Viral Marketing Begins – GTANet.com
https://gtanet.com/gta-v-viral-marketing-begins
Rockstar’s first GTA V viral marketing campaign has begun, starting with a number of tweets from the previously dormant Epsilon Program. The Epsilon Program first made an appearance in GTA San Andreas and has been mentioned numerous times on radio stations and by pedestrians. The religious cult brainwashes it’s followers into handing over ...
Interviews with Rockstar North's Aaron & Les – GTANet.com
https://gtanet.com/interviews-with-rockstar-norths-aaron-les
As part of the 10 year anniversary celebration for GTA: Vice City, Rockstar North producer Leslie Benzies and Art Director Aaron Garbut took to the web for a series of interviews looking back at the development of the game. While most of the interviews relate to Vice City, there were a few questions and answers relating to more recent things
Get Your Pictures in Red Dead Online! Naturalist ... - GTANet.com
https://gtanet.com/get-your-pictures-in-red-dead-online...
Today, Rockstar has given those photographers a chance to get their impressive images in-game in a future update by launching the Naturalist Photo Challenge!. To celebrate the talented community of photographers, R* are asking every virtual photographer out there to take photographs with new Naturalist content (like clothing and weapons) and photographs of the wildlife that roams around the RDR2 scenery – both wildlife added post-Naturalist Update, and pre-Naturalist Update.
Snap Highlight: The Virtual Photographers of GTA Online
https://gtanet.com/snap-highlight-the-virtual...
Since then, the introduction of Snapmatic and tools like the Rockstar Editor have prompted virtual photographers all around to take pictures of landscapes (which are still pretty good looking in GTA V even to this day), their custom rides, their GTA Online characters, or even action-packed shots during a heist, a mission or an adversary mode ...
GTA San Andreas PC Multiplayer Mod – GTANet.com
https://gtanet.com/gta-san-andreas-pc-multiplayer-mod
San Andreas Multi-Player (aka SA-MP) is currently being developed for the PC version of GTA Vice City and is approximately 80% completed. Kyeman, founder and lead developer of the mod, is hoping to port the modification over to the PC version of GTA San Andreas roughly 2 to 3 months after the game release.
GTA V Figueroa Hotel Mural – GTANet.com
https://gtanet.com/gta-v-figueroa-hotel-mural
GTAForums’ Latest. Grand Theft Auto VI Trailer - THE SONG THEY SHOULD HAVE USED! (LEN - STEAL MY SUNSHINE) Melee Combat; Weekly Event (13th June 2024) - Help Out Dre with Some Music Leaks for a Bonus, Reminisce the Old Days in Short Trips, Varied Vehicle Discounts, and More!",
